id,author,width,height,url,download_url
0,Alejandro Escamilla,5000,3333,https://unsplash.com/photos/yC-Yzbqy7PY,https://picsum.photos/id/0/5000/3333
1,Alejandro Escamilla,5000,3333,https://unsplash.com/photos/LNRyGwIJr5c,https://picsum.photos/id/1/5000/3333
2,Alejandro Escamilla,5000,3333,https://unsplash.com/photos/N7XodRrbzS0,https://picsum.photos/id/2/5000/3333
3,Alejandro Escamilla,5000,3333,https://unsplash.com/photos/Dl6jeyfihLk,https://picsum.photos/id/3/5000/3333
4,Alejandro Escamilla,5000,3333,https://unsplash.com/photos/y83Je1OC6Wc,https://picsum.photos/id/4/5000/3333
5,Alejandro Escamilla,5000,3334,https://unsplash.com/photos/LF8gK8-HGSg,https://picsum.photos/id/5/5000/3334
6,Alejandro Escamilla,5000,3333,https://unsplash.com/photos/tAKXap853rY,https://picsum.photos/id/6/5000/3333
7,Alejandro Escamilla,4728,3168,https://unsplash.com/photos/BbQLHCpVUqA,https://picsum.photos/id/7/4728/3168
8,Alejandro Escamilla,5000,3333,https://unsplash.com/photos/xII7efH1G6o,https://picsum.photos/id/8/5000/3333
9,Alejandro Escamilla,5000,3269,https://unsplash.com/photos/ABDTiLqDhJA,https://picsum.photos/id/9/5000/3269
10,Paul Jarvis,2500,1667,https://unsplash.com/photos/6J--NXulQCs,https://picsum.photos/id/10/2500/1667
11,Paul Jarvis,2500,1667,https://unsplash.com/photos/Cm7oKel-X2Q,https://picsum.photos/id/11/2500/1667
12,Paul Jarvis,2500,1667,https://unsplash.com/photos/I_9ILwtsl_k,https://picsum.photos/id/12/2500/1667
13,Paul Jarvis,2500,1667,https://unsplash.com/photos/3MtiSMdnoCo,https://picsum.photos/id/13/2500/1667
14,Paul Jarvis,2500,1667,https://unsplash.com/photos/IQ1kOQTJrOQ,https://picsum.photos/id/14/2500/1667
15,Paul Jarvis,2500,1667,https://unsplash.com/photos/NYDo21ssGao,https://picsum.photos/id/15/2500/1667
16,Paul Jarvis,2500,1667,https://unsplash.com/photos/gkT4FfgHO5o,https://picsum.photos/id/16/2500/1667
17,Paul Jarvis,2500,1667,https://unsplash.com/photos/Ven2CV8IJ5A,https://picsum.photos/id/17/2500/1667
18,Paul Jarvis,2500,1667,https://unsplash.com/photos/Ps2n0rShqaM,https://picsum.photos/id/18/2500/1667
19,Paul Jarvis,2500,1667,https://unsplash.com/photos/P7Lh0usGcuk,https://picsum.photos/id/19/2500/1667
20,Aleks Dorohovich,3670,2462,https://unsplash.com/photos/nJdwUHmaY8A,https://picsum.photos/id/20/3670/2462
21,Alejandro Escamilla,3008,2008,https://unsplash.com/photos/jVb0mSn0LbE,https://picsum.photos/id/21/3008/2008
22,Alejandro Escamilla,4434,3729,https://unsplash.com/photos/du_OrQAA4r0,https://picsum.photos/id/22/4434/3729
23,Alejandro Escamilla,3887,4899,https://unsplash.com/photos/8yqds_91OLw,https://picsum.photos/id/23/3887/4899
24,Alejandro Escamilla,4855,1803,https://unsplash.com/photos/cZhUxIQjILg,https://picsum.photos/id/24/4855/1803
25,Alejandro Escamilla,5000,3333,https://unsplash.com/photos/Iuq0EL4EINY,https://picsum.photos/id/25/5000/3333
26,Vadim Sherbakov,4209,2769,https://unsplash.com/photos/tCICLJ5ktBE,https://picsum.photos/id/26/4209/2769
27,Yoni Kaplan-Nadel,3264,1836,https://unsplash.com/photos/iJnZwLBOB1I,https://picsum.photos/id/27/3264/1836
28,Jerry Adney,4928,3264,https://unsplash.com/photos/_WiFMBRT7Aw,https://picsum.photos/id/28/4928/3264
29,Go Wild,4000,2670,https://unsplash.com/photos/V0yAek6BgGk,https://picsum.photos/id/29/4000/2670
30,Shyamanta Baruah,1280,901,https://unsplash.com/photos/aeVA-j1y2BY,https://picsum.photos/id/30/1280/901
31,How-Soon Ngu,3264,4912,https://unsplash.com/photos/7Vz3DtQDT3Q,https://picsum.photos/id/31/3264/4912
32,Rodrigo Melo,4032,3024,https://unsplash.com/photos/eG3k60PrTGY,https://picsum.photos/id/32/4032/3024
33,Alejandro Escamilla,5000,3333,https://unsplash.com/photos/LBI7cgq3pbM,https://picsum.photos/id/33/5000/3333
34,Aleks Dorohovich,3872,2592,https://unsplash.com/photos/zZvsEMPxjIA,https://picsum.photos/id/34/3872/2592
35,Shane Colella,2758,3622,https://unsplash.com/photos/znM0ujn2RUA,https://picsum.photos/id/35/2758/3622
36,Vadim Sherbakov,4179,2790,https://unsplash.com/photos/osSryggkso4,https://picsum.photos/id/36/4179/2790
37,Austin Neill,2000,1333,https://unsplash.com/photos/erTjj730fMk,https://picsum.photos/id/37/2000/1333
38,Allyson Souza,1280,960,https://unsplash.com/photos/JabLtzJl8bc,https://picsum.photos/id/38/1280/960
39,Luke Chesser,3456,2304,https://unsplash.com/photos/pFqrYbhIAXs,https://picsum.photos/id/39/3456/2304
40,Ryan Mcguire,4106,2806,https://unsplash.com/photos/N-1XGL54pQg,https://picsum.photos/id/40/4106/2806
41,Nithya Ramanujam,1280,805,https://unsplash.com/photos/fTKetYpEKNQ,https://picsum.photos/id/41/1280/805
42,Luke Chesser,3456,2304,https://unsplash.com/photos/KR2mdHJ5qMg,https://picsum.photos/id/42/3456/2304
43,Oleg Chursin,1280,831,https://unsplash.com/photos/IoCWq07GaG4,https://picsum.photos/id/43/1280/831
44,Christopher Sardegna,4272,2848,https://unsplash.com/photos/R1E6x8U83Ho,https://picsum.photos/id/44/4272/2848
45,Alan Haverty,4592,2576,https://unsplash.com/photos/-XA-fTYYfV0,https://picsum.photos/id/45/4592/2576
46,Jeffrey Kam,3264,2448,https://unsplash.com/photos/Nzw3HHsNHYU,https://picsum.photos/id/46/3264/2448
47,Christopher Sardegna,4272,2848,https://unsplash.com/photos/uDUiRS8YroY,https://picsum.photos/id/47/4272/2848
48,Luke Chesser,5000,3333,https://unsplash.com/photos/1uxV8fAfhVM,https://picsum.photos/id/48/5000/3333
49,Margaret Barley,1280,792,https://unsplash.com/photos/Qo51KwK1dKg,https://picsum.photos/id/49/1280/792
50,Tyler Wanlass,4608,3072,https://unsplash.com/photos/L7MpmBGpM94,https://picsum.photos/id/50/4608/3072
51,Ireneuilia,5000,3333,https://unsplash.com/photos/knYQ6arClBE,https://picsum.photos/id/51/5000/3333
52,Cierra,1280,853,https://unsplash.com/photos/57vHdjeZ0yg,https://picsum.photos/id/52/1280/853
53,J Duclos,1280,1280,https://unsplash.com/photos/6qORI5j_6n8,https://picsum.photos/id/53/1280/1280
54,Nicholas Swanson,3264,2176,https://unsplash.com/photos/d19by2PLaPc,https://picsum.photos/id/54/3264/2176
55,Tyler Wanlass,4608,3072,https://unsplash.com/photos/akbHiqZy4Pg,https://picsum.photos/id/55/4608/3072
56,Sebastian Muller,2880,1920,https://unsplash.com/photos/VLdaxYyXJvw,https://picsum.photos/id/56/2880/1920
57,Nicholas Swanson,2448,3264,https://unsplash.com/photos/SyBYM8R6VU4,https://picsum.photos/id/57/2448/3264
58,Tony Naccarato,1280,853,https://unsplash.com/photos/-kEr-QltARg,https://picsum.photos/id/58/1280/853
59,Art Wave,2464,1632,https://unsplash.com/photos/algEQavPY4M,https://picsum.photos/id/59/2464/1632
60,Vadim Sherbakov,1920,1200,https://unsplash.com/photos/Hi9GSwWkCJk,https://picsum.photos/id/60/1920/1200
61,Alex,3264,2448,https://unsplash.com/photos/zMz14hsbpuU,https://picsum.photos/id/61/3264/2448
62,Daniel Genser,2000,1333,https://unsplash.com/photos/PzPbh-faPgU,https://picsum.photos/id/62/2000/1333
63,Justin Leibow,5000,2813,https://unsplash.com/photos/ZJsseAxEcqM,https://picsum.photos/id/63/5000/2813
64,Alexander Shustov,4326,2884,https://unsplash.com/photos/AHBiSKaENwc,https://picsum.photos/id/64/4326/2884
65,Alexander Shustov,4912,3264,https://unsplash.com/photos/2FrX56QL7P8,https://picsum.photos/id/65/4912/3264
66,Nicholas Swanson,3264,2448,https://unsplash.com/photos/agnhLQWqr1Q,https://picsum.photos/id/66/3264/2448
67,Rula Sibai,2848,4288,https://unsplash.com/photos/QbkGwv3xtmQ,https://picsum.photos/id/67/2848/4288
68,Cristian Moscoso,4608,3072,https://unsplash.com/photos/2SfRAWkinpU,https://picsum.photos/id/68/4608/3072
69,Alexander Shustov,4912,3264,https://unsplash.com/photos/SITaCHf7jjg,https://picsum.photos/id/69/4912/3264
70,Dorothy Lin,3011,2000,https://unsplash.com/photos/OokBLPrkCNk,https://picsum.photos/id/70/3011/2000
71,Jon Eckert,5000,3333,https://unsplash.com/photos/IoIbdFdGCnQ,https://picsum.photos/id/71/5000/3333
72,Tyler Finck,3000,2000,https://unsplash.com/photos/Cs4QZdHrHt4,https://picsum.photos/id/72/3000/2000
73,Jon Eckert,5000,3333,https://unsplash.com/photos/umLpP7uCZs0,https://picsum.photos/id/73/5000/3333
74,Isaak Dury,4288,2848,https://unsplash.com/photos/YhZbnxqtooM,https://picsum.photos/id/74/4288/2848
75,Jassy Onyae,1999,2998,https://unsplash.com/photos/1gBUXhf0PtA,https://picsum.photos/id/75/1999/2998
76,Alexander Shustov,4912,3264,https://unsplash.com/photos/OxzhYtL-00Y,https://picsum.photos/id/76/4912/3264
77,May Pamintuan,1631,1102,https://unsplash.com/photos/j9nfqTi5T5o,https://picsum.photos/id/77/1631/1102
78,Paul Evans,1584,2376,https://unsplash.com/photos/CtkDsu4w-Rs,https://picsum.photos/id/78/1584/2376
79,Dorothy Lin,2000,3011,https://unsplash.com/photos/TIr6EwYMRUM,https://picsum.photos/id/79/2000/3011
80,Sonja Langford,3888,2592,https://unsplash.com/photos/Y2PYfopoz-k,https://picsum.photos/id/80/3888/2592
81,Sander Weeteling,5000,3250,https://unsplash.com/photos/rlxZqmc6D_I,https://picsum.photos/id/81/5000/3250
82,Rula Sibai,1500,997,https://unsplash.com/photos/-vq7mi4oF0s,https://picsum.photos/id/82/1500/997
83,Julie Geiger,2560,1920,https://unsplash.com/photos/dYshDcTI1Js,https://picsum.photos/id/83/2560/1920
84,Johnny Lam,1280,848,https://unsplash.com/photos/63qfL0TciY8,https://picsum.photos/id/84/1280/848
85,Gozha Net,1280,774,https://unsplash.com/photos/xDrxJCdedcI,https://picsum.photos/id/85/1280/774
87,Barcelona,1280,960,https://unsplash.com/photos/o697BgRH_-M,https://picsum.photos/id/87/1280/960
88,Barcelona,1280,1707,https://unsplash.com/photos/muC_6gTMLR4,https://picsum.photos/id/88/1280/1707
89,Vectorbeast,4608,2592,https://unsplash.com/photos/rsJtMXn3p_c,https://picsum.photos/id/89/4608/2592
90,Rula Sibai,3000,1992,https://unsplash.com/photos/qVj3KuEikvg,https://picsum.photos/id/90/3000/1992
91,Jennifer Trovato,3504,2336,https://unsplash.com/photos/baRYCsjO6z4,https://picsum.photos/id/91/3504/2336
92,Rafael Souza,3568,2368,https://unsplash.com/photos/QxkBP3A9XmU,https://picsum.photos/id/92/3568/2368
93,Caroline Sada,2000,1334,https://unsplash.com/photos/r1XwWjI4PyE,https://picsum.photos/id/93/2000/1334
94,Jean Kleisz,2133,1200,https://unsplash.com/photos/4yzPVohNuVI,https://picsum.photos/id/94/2133/1200
95,Kundan Ramisetti,2048,2048,https://unsplash.com/photos/87TJNWkepvI,https://picsum.photos/id/95/2048/2048
96,Pawel Kadysz,4752,3168,https://unsplash.com/photos/CuFYW1c97w8,https://picsum.photos/id/96/4752/3168
98,Laurice Solomon,3264,2176,https://unsplash.com/photos/ThJIf6Q0b2s,https://picsum.photos/id/98/3264/2176
99,Jon Toney,4912,3264,https://unsplash.com/photos/xyDQNmT6vSs,https://picsum.photos/id/99/4912/3264
100,Tina Rataj,2500,1656,https://unsplash.com/photos/pwaaqfoMibI,https://picsum.photos/id/100/2500/1656
101,Christian Bardenhorst,2621,1747,https://unsplash.com/photos/8lMhzUjD1Wk,https://picsum.photos/id/101/2621/1747
