<?xml version='1.0' encoding='UTF-8'?>
<Personas>
	<Persona>
		<id>2001</id>
		<nombre>Karl</nombre>
		<apellidos>Larimer</apellidos>
		<correo>klarimer0@ow.ly</correo>
		<sexo>Male</sexo>
		<ip>3.215.162.90</ip>
	</Persona>
	<Persona>
		<id>2002</id>
		<nombre>Tobin</nombre>
		<apellidos>Naisbit</apellidos>
		<correo>tnaisbit1@liveinternet.ru</correo>
		<sexo>Male</sexo>
		<ip>61.109.145.142</ip>
	</Persona>
	<Persona>
		<id>2003</id>
		<nombre>Maddie</nombre>
		<apellidos>Gouldthorpe</apellidos>
		<correo>mgouldthorpe2@aboutads.info</correo>
		<sexo>Female</sexo>
		<ip>110.64.119.64</ip>
	</Persona>
	<Persona>
		<id>2004</id>
		<nombre>Torey</nombre>
		<apellidos>Casoni</apellidos>
		<correo>tcasoni3@berkeley.edu</correo>
		<sexo>Male</sexo>
		<ip>86.120.153.229</ip>
	</Persona>
	<Persona>
		<id>2005</id>
		<nombre>Heddi</nombre>
		<apellidos>Denney</apellidos>
		<correo>hdenney4@biblegateway.com</correo>
		<sexo>Genderfluid</sexo>
		<ip>92.159.134.73</ip>
	</Persona>
	<Persona>
		<id>2006</id>
		<nombre>Whitaker</nombre>
		<apellidos>Benasik</apellidos>
		<correo>wbenasik5@tinypic.com</correo>
		<sexo>Male</sexo>
		<ip>22.90.253.226</ip>
	</Persona>
	<Persona>
		<id>2007</id>
		<nombre>Adan</nombre>
		<apellidos>Gurdon</apellidos>
		<correo>agurdon6@123-reg.co.uk</correo>
		<sexo>Male</sexo>
		<ip>243.123.178.202</ip>
	</Persona>
	<Persona>
		<id>2008</id>
		<nombre>Merell</nombre>
		<apellidos>Ladd</apellidos>
		<correo>mladd7@tuttocitta.it</correo>
		<sexo>Male</sexo>
		<ip>130.252.54.73</ip>
	</Persona>
	<Persona>
		<id>2009</id>
		<nombre>Chilton</nombre>
		<apellidos>Schowenburg</apellidos>
		<correo>cschowenburg8@census.gov</correo>
		<sexo>Male</sexo>
		<ip>172.251.120.249</ip>
	</Persona>
	<Persona>
		<id>2010</id>
		<nombre>Terencio</nombre>
		<apellidos>Russe</apellidos>
		<correo>trusse9@vistaprint.com</correo>
		<sexo>Male</sexo>
		<ip>199.90.51.213</ip>
	</Persona>
	<Persona>
		<id>2011</id>
		<nombre>Libby</nombre>
		<apellidos>Dudbridge</apellidos>
		<correo>ldudbridgea@narod.ru</correo>
		<sexo>Female</sexo>
		<ip>242.0.16.8</ip>
	</Persona>
	<Persona>
		<id>2012</id>
		<nombre>Isadore</nombre>
		<apellidos>Sleet</apellidos>
		<correo>isleetb@washington.edu</correo>
		<sexo>Male</sexo>
		<ip>8.29.99.126</ip>
	</Persona>
	<Persona>
		<id>2013</id>
		<nombre>Virgie</nombre>
		<apellidos>Kellert</apellidos>
		<correo>vkellertc@yelp.com</correo>
		<sexo>Female</sexo>
		<ip>31.248.98.185</ip>
	</Persona>
	<Persona>
		<id>2014</id>
		<nombre>Melisande</nombre>
		<apellidos>O'Heaney</apellidos>
		<correo>moheaneyd@newsvine.com</correo>
		<sexo>Female</sexo>
		<ip>70.66.234.150</ip>
	</Persona>
	<Persona>
		<id>2015</id>
		<nombre>Jamima</nombre>
		<apellidos>Muffen</apellidos>
		<correo>jmuffene@engadget.com</correo>
		<sexo>Female</sexo>
		<ip>240.143.31.143</ip>
	</Persona>
	<Persona>
		<id>2016</id>
		<nombre>Janith</nombre>
		<apellidos>Nelius</apellidos>
		<correo>jneliusf@ehow.com</correo>
		<sexo>Non-binary</sexo>
		<ip>230.209.18.144</ip>
	</Persona>
	<Persona>
		<id>2017</id>
		<nombre>Eugen</nombre>
		<apellidos>Bramich</apellidos>
		<correo>ebramichg@hc360.com</correo>
		<sexo>Male</sexo>
		<ip>79.28.214.157</ip>
	</Persona>
	<Persona>
		<id>2018</id>
		<nombre>Denney</nombre>
		<apellidos>Cantillon</apellidos>
		<correo>dcantillonh@irs.gov</correo>
		<sexo>Male</sexo>
		<ip>141.168.179.229</ip>
	</Persona>
	<Persona>
		<id>2019</id>
		<nombre>Rona</nombre>
		<apellidos>Blais</apellidos>
		<correo>rblaisi@joomla.org</correo>
		<sexo>Female</sexo>
		<ip>113.78.108.211</ip>
	</Persona>
	<Persona>
		<id>2020</id>
		<nombre>Bone</nombre>
		<apellidos>McPhilip</apellidos>
		<correo>bmcphilipj@vk.com</correo>
		<sexo>Male</sexo>
		<ip>205.203.17.154</ip>
	</Persona>
	<Persona>
		<id>2021</id>
		<nombre>Crista</nombre>
		<apellidos>Guiducci</apellidos>
		<correo>cguiduccik@virginia.edu</correo>
		<sexo>Female</sexo>
		<ip>78.207.235.172</ip>
	</Persona>
	<Persona>
		<id>2022</id>
		<nombre>Janeva</nombre>
		<apellidos>Beckhurst</apellidos>
		<correo>jbeckhurstl@edublogs.org</correo>
		<sexo>Female</sexo>
		<ip>33.87.165.53</ip>
	</Persona>
	<Persona>
		<id>2023</id>
		<nombre>Clea</nombre>
		<apellidos>Allsepp</apellidos>
		<correo>callseppm@scribd.com</correo>
		<sexo>Female</sexo>
		<ip>148.43.17.119</ip>
	</Persona>
	<Persona>
		<id>2024</id>
		<nombre>Roger</nombre>
		<apellidos>Lawtie</apellidos>
		<correo>rlawtien@illinois.edu</correo>
		<sexo>Male</sexo>
		<ip>20.37.149.23</ip>
	</Persona>
	<Persona>
		<id>2025</id>
		<nombre>Teri</nombre>
		<apellidos>Sigars</apellidos>
		<correo>tsigarso@google.co.jp</correo>
		<sexo>Female</sexo>
		<ip>39.14.41.124</ip>
	</Persona>
	<Persona>
		<id>2026</id>
		<nombre>Dulcie</nombre>
		<apellidos>Stannering</apellidos>
		<correo>dstanneringp@cam.ac.uk</correo>
		<sexo>Female</sexo>
		<ip>75.39.217.0</ip>
	</Persona>
	<Persona>
		<id>2027</id>
		<nombre>Annabela</nombre>
		<apellidos>Jerrans</apellidos>
		<correo>ajerransq@google.com.au</correo>
		<sexo>Female</sexo>
		<ip>64.24.70.130</ip>
	</Persona>
	<Persona>
		<id>2028</id>
		<nombre>Ferguson</nombre>
		<apellidos>Biesterfeld</apellidos>
		<correo>fbiesterfeldr@blogtalkradio.com</correo>
		<sexo>Male</sexo>
		<ip>52.135.213.104</ip>
	</Persona>
	<Persona>
		<id>2029</id>
		<nombre>Allyson</nombre>
		<apellidos>O'Codihie</apellidos>
		<correo>aocodihies@uiuc.edu</correo>
		<sexo>Female</sexo>
		<ip>194.45.51.163</ip>
	</Persona>
	<Persona>
		<id>2030</id>
		<nombre>Billye</nombre>
		<apellidos>Adame</apellidos>
		<correo>badamet@hexun.com</correo>
		<sexo>Female</sexo>
		<ip>189.233.8.244</ip>
	</Persona>
	<Persona>
		<id>2031</id>
		<nombre>Murielle</nombre>
		<apellidos>Carloni</apellidos>
		<correo>mcarloniu@epa.gov</correo>
		<sexo>Female</sexo>
		<ip>159.177.205.247</ip>
	</Persona>
	<Persona>
		<id>2032</id>
		<nombre>Marlane</nombre>
		<apellidos>Yakubovics</apellidos>
		<correo>myakubovicsv@jalbum.net</correo>
		<sexo>Female</sexo>
		<ip>169.222.171.130</ip>
	</Persona>
	<Persona>
		<id>2033</id>
		<nombre>Alain</nombre>
		<apellidos>Keslake</apellidos>
		<correo>akeslakew@mediafire.com</correo>
		<sexo>Male</sexo>
		<ip>114.243.196.229</ip>
	</Persona>
	<Persona>
		<id>2034</id>
		<nombre>Simona</nombre>
		<apellidos>Sayles</apellidos>
		<correo>ssaylesx@usnews.com</correo>
		<sexo>Female</sexo>
		<ip>95.66.148.90</ip>
	</Persona>
	<Persona>
		<id>2035</id>
		<nombre>Vivi</nombre>
		<apellidos>Maraga</apellidos>
		<correo>vmaragay@fotki.com</correo>
		<sexo>Genderqueer</sexo>
		<ip>252.176.215.4</ip>
	</Persona>
	<Persona>
		<id>2036</id>
		<nombre>Jenifer</nombre>
		<apellidos>Milella</apellidos>
		<correo>jmilellaz@desdev.cn</correo>
		<sexo>Female</sexo>
		<ip>138.184.222.41</ip>
	</Persona>
	<Persona>
		<id>2037</id>
		<nombre>Gavin</nombre>
		<apellidos>Campo</apellidos>
		<correo>gcampo10@google.com</correo>
		<sexo>Male</sexo>
		<ip>195.215.203.217</ip>
	</Persona>
	<Persona>
		<id>2038</id>
		<nombre>Guillemette</nombre>
		<apellidos>MacCaughan</apellidos>
		<correo>gmaccaughan11@vimeo.com</correo>
		<sexo>Female</sexo>
		<ip>203.61.109.51</ip>
	</Persona>
	<Persona>
		<id>2039</id>
		<nombre>Patin</nombre>
		<apellidos>Copson</apellidos>
		<correo>pcopson12@storify.com</correo>
		<sexo>Male</sexo>
		<ip>240.91.95.21</ip>
	</Persona>
	<Persona>
		<id>2040</id>
		<nombre>Gaylord</nombre>
		<apellidos>Towhey</apellidos>
		<correo>gtowhey13@digg.com</correo>
		<sexo>Male</sexo>
		<ip>146.1.34.223</ip>
	</Persona>
	<Persona>
		<id>2041</id>
		<nombre>Yank</nombre>
		<apellidos>Jory</apellidos>
		<correo>yjory14@utexas.edu</correo>
		<sexo>Male</sexo>
		<ip>200.130.83.9</ip>
	</Persona>
	<Persona>
		<id>2042</id>
		<nombre>Dar</nombre>
		<apellidos>Worrall</apellidos>
		<correo>dworrall15@naver.com</correo>
		<sexo>Male</sexo>
		<ip>63.229.99.11</ip>
	</Persona>
	<Persona>
		<id>2043</id>
		<nombre>Hercules</nombre>
		<apellidos>Doog</apellidos>
		<correo>hdoog16@phpbb.com</correo>
		<sexo>Male</sexo>
		<ip>209.186.62.150</ip>
	</Persona>
	<Persona>
		<id>2044</id>
		<nombre>Barbabra</nombre>
		<apellidos>Yarrall</apellidos>
		<correo>byarrall17@liveinternet.ru</correo>
		<sexo>Female</sexo>
		<ip>98.230.151.167</ip>
	</Persona>
	<Persona>
		<id>2045</id>
		<nombre>Zabrina</nombre>
		<apellidos>Tyrie</apellidos>
		<correo>ztyrie18@indiatimes.com</correo>
		<sexo>Female</sexo>
		<ip>174.98.241.239</ip>
	</Persona>
	<Persona>
		<id>2046</id>
		<nombre>Wallie</nombre>
		<apellidos>Dincey</apellidos>
		<correo>wdincey19@purevolume.com</correo>
		<sexo>Male</sexo>
		<ip>86.194.93.172</ip>
	</Persona>
	<Persona>
		<id>2047</id>
		<nombre>Clary</nombre>
		<apellidos>Volk</apellidos>
		<correo>cvolk1a@shinystat.com</correo>
		<sexo>Female</sexo>
		<ip>52.112.224.219</ip>
	</Persona>
	<Persona>
		<id>2048</id>
		<nombre>Claudio</nombre>
		<apellidos>Laydon</apellidos>
		<correo>claydon1b@opera.com</correo>
		<sexo>Male</sexo>
		<ip>6.194.216.103</ip>
	</Persona>
	<Persona>
		<id>2049</id>
		<nombre>Culver</nombre>
		<apellidos>Carik</apellidos>
		<correo>ccarik1c@istockphoto.com</correo>
		<sexo>Male</sexo>
		<ip>18.203.52.138</ip>
	</Persona>
	<Persona>
		<id>2050</id>
		<nombre>Vincents</nombre>
		<apellidos>Sukbhans</apellidos>
		<correo>vsukbhans1d@google.de</correo>
		<sexo>Male</sexo>
		<ip>159.160.248.219</ip>
	</Persona>
	<Persona>
		<id>2051</id>
		<nombre>Pearline</nombre>
		<apellidos>Pigden</apellidos>
		<correo>ppigden1e@springer.com</correo>
		<sexo>Female</sexo>
		<ip>109.246.115.165</ip>
	</Persona>
	<Persona>
		<id>2052</id>
		<nombre>Hugibert</nombre>
		<apellidos>Spinas</apellidos>
		<correo>hspinas1f@fda.gov</correo>
		<sexo>Male</sexo>
		<ip>125.90.78.198</ip>
	</Persona>
	<Persona>
		<id>2053</id>
		<nombre>Reider</nombre>
		<apellidos>Hupe</apellidos>
		<correo>rhupe1g@paginegialle.it</correo>
		<sexo>Bigender</sexo>
		<ip>168.48.125.99</ip>
	</Persona>
	<Persona>
		<id>2054</id>
		<nombre>Elihu</nombre>
		<apellidos>Gerrish</apellidos>
		<correo>egerrish1h@nifty.com</correo>
		<sexo>Male</sexo>
		<ip>249.7.157.183</ip>
	</Persona>
	<Persona>
		<id>2055</id>
		<nombre>Devora</nombre>
		<apellidos>Thurlbeck</apellidos>
		<correo>dthurlbeck1i@linkedin.com</correo>
		<sexo>Female</sexo>
		<ip>145.32.177.96</ip>
	</Persona>
	<Persona>
		<id>2056</id>
		<nombre>Charyl</nombre>
		<apellidos>Dowzell</apellidos>
		<correo>cdowzell1j@wisc.edu</correo>
		<sexo>Female</sexo>
		<ip>136.43.161.179</ip>
	</Persona>
	<Persona>
		<id>2057</id>
		<nombre>Greta</nombre>
		<apellidos>Blay</apellidos>
		<correo>gblay1k@wisc.edu</correo>
		<sexo>Female</sexo>
		<ip>187.187.221.92</ip>
	</Persona>
	<Persona>
		<id>2058</id>
		<nombre>Budd</nombre>
		<apellidos>Tellenbach</apellidos>
		<correo>btellenbach1l@hao123.com</correo>
		<sexo>Male</sexo>
		<ip>106.199.69.148</ip>
	</Persona>
	<Persona>
		<id>2059</id>
		<nombre>Jarrett</nombre>
		<apellidos>Demange</apellidos>
		<correo>jdemange1m@symantec.com</correo>
		<sexo>Male</sexo>
		<ip>116.252.241.54</ip>
	</Persona>
	<Persona>
		<id>2060</id>
		<nombre>Jae</nombre>
		<apellidos>Blazeby</apellidos>
		<correo>jblazeby1n@twitpic.com</correo>
		<sexo>Male</sexo>
		<ip>102.117.175.68</ip>
	</Persona>
	<Persona>
		<id>2061</id>
		<nombre>Feodor</nombre>
		<apellidos>Devonport</apellidos>
		<correo>fdevonport1o@pen.io</correo>
		<sexo>Male</sexo>
		<ip>15.120.60.85</ip>
	</Persona>
	<Persona>
		<id>2062</id>
		<nombre>Evelin</nombre>
		<apellidos>Mullan</apellidos>
		<correo>emullan1p@ovh.net</correo>
		<sexo>Male</sexo>
		<ip>130.144.56.250</ip>
	</Persona>
	<Persona>
		<id>2063</id>
		<nombre>Donni</nombre>
		<apellidos>Proschke</apellidos>
		<correo>dproschke1q@nba.com</correo>
		<sexo>Female</sexo>
		<ip>139.181.98.151</ip>
	</Persona>
	<Persona>
		<id>2064</id>
		<nombre>Wendi</nombre>
		<apellidos>Andrzejewski</apellidos>
		<correo>wandrzejewski1r@google.fr</correo>
		<sexo>Female</sexo>
		<ip>120.41.128.230</ip>
	</Persona>
	<Persona>
		<id>2065</id>
		<nombre>Garfield</nombre>
		<apellidos>Grinnell</apellidos>
		<correo>ggrinnell1s@epa.gov</correo>
		<sexo>Male</sexo>
		<ip>112.216.110.1</ip>
	</Persona>
	<Persona>
		<id>2066</id>
		<nombre>Pietra</nombre>
		<apellidos>Ferri</apellidos>
		<correo>pferri1t@mlb.com</correo>
		<sexo>Non-binary</sexo>
		<ip>217.179.244.214</ip>
	</Persona>
	<Persona>
		<id>2067</id>
		<nombre>June</nombre>
		<apellidos>Timlin</apellidos>
		<correo>jtimlin1u@macromedia.com</correo>
		<sexo>Female</sexo>
		<ip>88.61.39.133</ip>
	</Persona>
	<Persona>
		<id>2068</id>
		<nombre>Hurleigh</nombre>
		<apellidos>Savatier</apellidos>
		<correo>hsavatier1v@hp.com</correo>
		<sexo>Male</sexo>
		<ip>250.205.191.240</ip>
	</Persona>
	<Persona>
		<id>2069</id>
		<nombre>Nannette</nombre>
		<apellidos>Bembrigg</apellidos>
		<correo>nbembrigg1w@google.it</correo>
		<sexo>Female</sexo>
		<ip>239.17.243.73</ip>
	</Persona>
	<Persona>
		<id>2070</id>
		<nombre>Abagail</nombre>
		<apellidos>Copestick</apellidos>
		<correo>acopestick1x@rakuten.co.jp</correo>
		<sexo>Female</sexo>
		<ip>250.136.95.8</ip>
	</Persona>
	<Persona>
		<id>2071</id>
		<nombre>Charlotte</nombre>
		<apellidos>Hrachovec</apellidos>
		<correo>chrachovec1y@opera.com</correo>
		<sexo>Female</sexo>
		<ip>232.212.41.174</ip>
	</Persona>
	<Persona>
		<id>2072</id>
		<nombre>Teresita</nombre>
		<apellidos>Dillestone</apellidos>
		<correo>tdillestone1z@drupal.org</correo>
		<sexo>Female</sexo>
		<ip>113.64.174.206</ip>
	</Persona>
	<Persona>
		<id>2073</id>
		<nombre>Nichols</nombre>
		<apellidos>Eberdt</apellidos>
		<correo>neberdt20@parallels.com</correo>
		<sexo>Bigender</sexo>
		<ip>241.203.48.210</ip>
	</Persona>
	<Persona>
		<id>2074</id>
		<nombre>Basilius</nombre>
		<apellidos>Fautley</apellidos>
		<correo>bfautley21@rediff.com</correo>
		<sexo>Genderqueer</sexo>
		<ip>118.0.164.228</ip>
	</Persona>
	<Persona>
		<id>2075</id>
		<nombre>Umeko</nombre>
		<apellidos>Quartley</apellidos>
		<correo>uquartley22@squidoo.com</correo>
		<sexo>Female</sexo>
		<ip>60.115.35.0</ip>
	</Persona>
	<Persona>
		<id>2076</id>
		<nombre>Gerri</nombre>
		<apellidos>Daburn</apellidos>
		<correo>gdaburn23@tmall.com</correo>
		<sexo>Female</sexo>
		<ip>96.196.77.214</ip>
	</Persona>
	<Persona>
		<id>2077</id>
		<nombre>Matteo</nombre>
		<apellidos>Nassau</apellidos>
		<correo>mnassau24@amazon.co.uk</correo>
		<sexo>Male</sexo>
		<ip>50.164.174.7</ip>
	</Persona>
	<Persona>
		<id>2078</id>
		<nombre>Dominique</nombre>
		<apellidos>Hane</apellidos>
		<correo>dhane25@tuttocitta.it</correo>
		<sexo>Female</sexo>
		<ip>3.143.33.179</ip>
	</Persona>
	<Persona>
		<id>2079</id>
		<nombre>Mayer</nombre>
		<apellidos>Marzella</apellidos>
		<correo>mmarzella26@mtv.com</correo>
		<sexo>Male</sexo>
		<ip>156.199.137.9</ip>
	</Persona>
	<Persona>
		<id>2080</id>
		<nombre>Bennie</nombre>
		<apellidos>Grinov</apellidos>
		<correo>bgrinov27@smugmug.com</correo>
		<sexo>Male</sexo>
		<ip>111.245.255.181</ip>
	</Persona>
	<Persona>
		<id>2081</id>
		<nombre>Decca</nombre>
		<apellidos>Loughead</apellidos>
		<correo>dloughead28@odnoklassniki.ru</correo>
		<sexo>Male</sexo>
		<ip>18.88.147.196</ip>
	</Persona>
	<Persona>
		<id>2082</id>
		<nombre>Dalis</nombre>
		<apellidos>Stanborough</apellidos>
		<correo>dstanborough29@weebly.com</correo>
		<sexo>Male</sexo>
		<ip>28.96.166.220</ip>
	</Persona>
	<Persona>
		<id>2083</id>
		<nombre>Rafi</nombre>
		<apellidos>Scatchard</apellidos>
		<correo>rscatchard2a@slate.com</correo>
		<sexo>Male</sexo>
		<ip>195.28.82.221</ip>
	</Persona>
	<Persona>
		<id>2084</id>
		<nombre>Wesley</nombre>
		<apellidos>Cestard</apellidos>
		<correo>wcestard2b@multiply.com</correo>
		<sexo>Male</sexo>
		<ip>24.177.75.65</ip>
	</Persona>
	<Persona>
		<id>2085</id>
		<nombre>Nevil</nombre>
		<apellidos>Jowsey</apellidos>
		<correo>njowsey2c@gmpg.org</correo>
		<sexo>Male</sexo>
		<ip>141.208.98.76</ip>
	</Persona>
	<Persona>
		<id>2086</id>
		<nombre>Emmaline</nombre>
		<apellidos>Shearman</apellidos>
		<correo>eshearman2d@seesaa.net</correo>
		<sexo>Female</sexo>
		<ip>102.224.183.35</ip>
	</Persona>
	<Persona>
		<id>2087</id>
		<nombre>Gabby</nombre>
		<apellidos>Hallahan</apellidos>
		<correo>ghallahan2e@simplemachines.org</correo>
		<sexo>Male</sexo>
		<ip>83.145.78.223</ip>
	</Persona>
	<Persona>
		<id>2088</id>
		<nombre>Alia</nombre>
		<apellidos>Martinyuk</apellidos>
		<correo>amartinyuk2f@omniture.com</correo>
		<sexo>Female</sexo>
		<ip>50.18.82.21</ip>
	</Persona>
	<Persona>
		<id>2089</id>
		<nombre>Nickey</nombre>
		<apellidos>Jurczik</apellidos>
		<correo>njurczik2g@naver.com</correo>
		<sexo>Male</sexo>
		<ip>170.82.98.145</ip>
	</Persona>
	<Persona>
		<id>2090</id>
		<nombre>Arte</nombre>
		<apellidos>Vedstra</apellidos>
		<correo>avedstra2h@dailymotion.com</correo>
		<sexo>Male</sexo>
		<ip>2.224.188.173</ip>
	</Persona>
	<Persona>
		<id>2091</id>
		<nombre>Andreana</nombre>
		<apellidos>Illiston</apellidos>
		<correo>ailliston2i@dyndns.org</correo>
		<sexo>Female</sexo>
		<ip>217.8.138.82</ip>
	</Persona>
	<Persona>
		<id>2092</id>
		<nombre>Benedetto</nombre>
		<apellidos>Tallant</apellidos>
		<correo>btallant2j@wisc.edu</correo>
		<sexo>Male</sexo>
		<ip>154.217.143.129</ip>
	</Persona>
	<Persona>
		<id>2093</id>
		<nombre>Orelee</nombre>
		<apellidos>Emerson</apellidos>
		<correo>oemerson2k@fastcompany.com</correo>
		<sexo>Female</sexo>
		<ip>103.127.228.93</ip>
	</Persona>
	<Persona>
		<id>2094</id>
		<nombre>Teodor</nombre>
		<apellidos>Tippell</apellidos>
		<correo>ttippell2l@prnewswire.com</correo>
		<sexo>Male</sexo>
		<ip>150.179.168.41</ip>
	</Persona>
	<Persona>
		<id>2095</id>
		<nombre>Ynes</nombre>
		<apellidos>Leete</apellidos>
		<correo>yleete2m@wordpress.org</correo>
		<sexo>Female</sexo>
		<ip>52.215.229.123</ip>
	</Persona>
	<Persona>
		<id>2096</id>
		<nombre>Obie</nombre>
		<apellidos>Rickertsen</apellidos>
		<correo>orickertsen2n@indiegogo.com</correo>
		<sexo>Male</sexo>
		<ip>204.229.222.233</ip>
	</Persona>
	<Persona>
		<id>2097</id>
		<nombre>Nata</nombre>
		<apellidos>Lipyeat</apellidos>
		<correo>nlipyeat2o@businessinsider.com</correo>
		<sexo>Female</sexo>
		<ip>76.243.79.148</ip>
	</Persona>
	<Persona>
		<id>2098</id>
		<nombre>Fern</nombre>
		<apellidos>Mitrikhin</apellidos>
		<correo>fmitrikhin2p@yale.edu</correo>
		<sexo>Female</sexo>
		<ip>15.233.208.246</ip>
	</Persona>
	<Persona>
		<id>2099</id>
		<nombre>Armstrong</nombre>
		<apellidos>Pohl</apellidos>
		<correo>apohl2q@ustream.tv</correo>
		<sexo>Male</sexo>
		<ip>136.172.160.15</ip>
	</Persona>
	<Persona>
		<id>2100</id>
		<nombre>Hyacinthe</nombre>
		<apellidos>Bartholomew</apellidos>
		<correo>hbartholomew2r@constantcontact.com</correo>
		<sexo>Female</sexo>
		<ip>223.18.234.117</ip>
	</Persona>
</Personas>